<ImportExportXml xmlns:xsi="http://www.w3.org/2001/XMLSchema-instance">
  <Entities>
    <Entity>
      <Name LocalizedName="TeamControlConfiguration" OriginalName="TeamControlConfiguration">dxtools_teamcontrolconfiguration</Name>
      <ObjectTypeCode>10005</ObjectTypeCode>
      <EntityInfo>
        <entity Name="dxtools_teamcontrolconfiguration">
          <LocalizedNames>
            <LocalizedName description="TeamControlConfiguration" languagecode="1033" />
          </LocalizedNames>
          <LocalizedCollectionNames>
            <LocalizedCollectionName description="TeamControlConfigurations" languagecode="1033" />
          </LocalizedCollectionNames>
          <Descriptions>
            <Description description="Configuration entity to store the Team Control mobile service URL and security key" languagecode="1033" />
          </Descriptions>
          <attributes>
            <attribute PhysicalName="CreatedBy">
              <Type>lookup</Type>
              <Name>createdby</Name>
              <LogicalName>createdby</LogicalName>
              <RequiredLevel>none</RequiredLevel>
              <DisplayMask>ValidForAdvancedFind|ValidForForm|ValidForGrid</DisplayMask>
              <ImeMode>auto</ImeMode>
              <ValidForReadApi>1</ValidForReadApi>
              <IsCustomField>0</IsCustomField>
              <IsAuditEnabled>0</IsAuditEnabled>
              <IsSecured>0</IsSecured>
              <IntroducedVersion>1.0.0.0</IntroducedVersion>
              <IsCustomizable>1</IsCustomizable>
              <IsRenameable>1</IsRenameable>
              <CanModifySearchSettings>1</CanModifySearchSettings>
              <CanModifyRequirementLevelSettings>1</CanModifyRequirementLevelSettings>
              <CanModifyAdditionalSettings>1</CanModifyAdditionalSettings>
              <SourceType>0</SourceType>
              <ReferencedEntityObjectTypeCode>8</ReferencedEntityObjectTypeCode>
              <LookupStyle>single</LookupStyle>
              <LookupTypes />
              <displaynames>
                <displayname description="Created By" languagecode="1033" />
              </displaynames>
              <Descriptions>
                <Description description="Unique identifier of the user who created the record." languagecode="1033" />
              </Descriptions>
            </attribute>
            <attribute PhysicalName="CreatedOn">
              <Type>datetime</Type>
              <Name>createdon</Name>
              <LogicalName>createdon</LogicalName>
              <RequiredLevel>none</RequiredLevel>
              <DisplayMask>ValidForAdvancedFind|ValidForForm|ValidForGrid</DisplayMask>
              <ImeMode>inactive</ImeMode>
              <ValidForReadApi>1</ValidForReadApi>
              <IsCustomField>0</IsCustomField>
              <IsAuditEnabled>0</IsAuditEnabled>
              <IsSecured>0</IsSecured>
              <IntroducedVersion>1.0.0.0</IntroducedVersion>
              <IsCustomizable>1</IsCustomizable>
              <IsRenameable>1</IsRenameable>
              <CanModifySearchSettings>1</CanModifySearchSettings>
              <CanModifyRequirementLevelSettings>1</CanModifyRequirementLevelSettings>
              <CanModifyAdditionalSettings>1</CanModifyAdditionalSettings>
              <SourceType>0</SourceType>
              <Format>datetime</Format>
              <displaynames>
                <displayname description="Created On" languagecode="1033" />
              </displaynames>
              <Descriptions>
                <Description description="Date and time when the record was created." languagecode="1033" />
              </Descriptions>
            </attribute>
            <attribute PhysicalName="CreatedOnBehalfBy">
              <Type>lookup</Type>
              <Name>createdonbehalfby</Name>
              <LogicalName>createdonbehalfby</LogicalName>
              <RequiredLevel>none</RequiredLevel>
              <DisplayMask>ValidForAdvancedFind|ValidForForm|ValidForGrid</DisplayMask>
              <ImeMode>auto</ImeMode>
              <ValidForReadApi>1</ValidForReadApi>
              <IsCustomField>0</IsCustomField>
              <IsAuditEnabled>0</IsAuditEnabled>
              <IsSecured>0</IsSecured>
              <IntroducedVersion>1.0.0.0</IntroducedVersion>
              <IsCustomizable>1</IsCustomizable>
              <IsRenameable>1</IsRenameable>
              <CanModifySearchSettings>1</CanModifySearchSettings>
              <CanModifyRequirementLevelSettings>1</CanModifyRequirementLevelSettings>
              <CanModifyAdditionalSettings>1</CanModifyAdditionalSettings>
              <SourceType>0</SourceType>
              <ReferencedEntityObjectTypeCode>8</ReferencedEntityObjectTypeCode>
              <LookupStyle>single</LookupStyle>
              <LookupTypes />
              <displaynames>
                <displayname description="Created By (Delegate)" languagecode="1033" />
              </displaynames>
              <Descriptions>
                <Description description="Unique identifier of the delegate user who created the record." languagecode="1033" />
              </Descriptions>
            </attribute>
            <attribute PhysicalName="dxtools_instanceURL">
              <Type>nvarchar</Type>
              <Name>dxtools_instanceurl</Name>
              <LogicalName>dxtools_instanceurl</LogicalName>
              <RequiredLevel>none</RequiredLevel>
              <DisplayMask>ValidForForm|ValidForGrid</DisplayMask>
              <ImeMode>auto</ImeMode>
              <ValidForUpdateApi>1</ValidForUpdateApi>
              <ValidForReadApi>1</ValidForReadApi>
              <ValidForCreateApi>1</ValidForCreateApi>
              <IsCustomField>1</IsCustomField>
              <IsAuditEnabled>1</IsAuditEnabled>
              <IsSecured>0</IsSecured>
              <IntroducedVersion>1.0.0.0</IntroducedVersion>
              <IsCustomizable>1</IsCustomizable>
              <IsRenameable>1</IsRenameable>
              <CanModifySearchSettings>1</CanModifySearchSettings>
              <CanModifyRequirementLevelSettings>1</CanModifyRequirementLevelSettings>
              <CanModifyAdditionalSettings>1</CanModifyAdditionalSettings>
              <SourceType>0</SourceType>
              <Format>text</Format>
              <MaxLength>1024</MaxLength>
              <Length>2048</Length>
              <displaynames>
                <displayname description="instanceURL" languagecode="1033" />
              </displaynames>
              <Descriptions>
                <Description description="" languagecode="1033" />
              </Descriptions>
            </attribute>
            <attribute PhysicalName="dxtools_name">
              <Type>nvarchar</Type>
              <Name>dxtools_name</Name>
              <LogicalName>dxtools_name</LogicalName>
              <RequiredLevel>required</RequiredLevel>
              <DisplayMask>PrimaryName|ValidForAdvancedFind|ValidForForm|ValidForGrid|RequiredForForm</DisplayMask>
              <ImeMode>auto</ImeMode>
              <ValidForUpdateApi>1</ValidForUpdateApi>
              <ValidForReadApi>1</ValidForReadApi>
              <ValidForCreateApi>1</ValidForCreateApi>
              <IsCustomField>1</IsCustomField>
              <IsAuditEnabled>1</IsAuditEnabled>
              <IsSecured>0</IsSecured>
              <IntroducedVersion>1.0.0.0</IntroducedVersion>
              <IsCustomizable>1</IsCustomizable>
              <IsRenameable>1</IsRenameable>
              <CanModifySearchSettings>1</CanModifySearchSettings>
              <CanModifyRequirementLevelSettings>1</CanModifyRequirementLevelSettings>
              <CanModifyAdditionalSettings>1</CanModifyAdditionalSettings>
              <SourceType>0</SourceType>
              <Format>text</Format>
              <MaxLength>100</MaxLength>
              <Length>200</Length>
              <displaynames>
                <displayname description="Name" languagecode="1033" />
              </displaynames>
              <Descriptions>
                <Description description="The name of the custom entity." languagecode="1033" />
              </Descriptions>
            </attribute>
            <attribute PhysicalName="dxtools_securitykey">
              <Type>nvarchar</Type>
              <Name>dxtools_securitykey</Name>
              <LogicalName>dxtools_securitykey</LogicalName>
              <RequiredLevel>none</RequiredLevel>
              <DisplayMask>ValidForForm|ValidForGrid</DisplayMask>
              <ImeMode>auto</ImeMode>
              <ValidForUpdateApi>1</ValidForUpdateApi>
              <ValidForReadApi>1</ValidForReadApi>
              <ValidForCreateApi>1</ValidForCreateApi>
              <IsCustomField>1</IsCustomField>
              <IsAuditEnabled>1</IsAuditEnabled>
              <IsSecured>0</IsSecured>
              <IntroducedVersion>1.0.0.0</IntroducedVersion>
              <IsCustomizable>1</IsCustomizable>
              <IsRenameable>1</IsRenameable>
              <CanModifySearchSettings>1</CanModifySearchSettings>
              <CanModifyRequirementLevelSettings>1</CanModifyRequirementLevelSettings>
              <CanModifyAdditionalSettings>1</CanModifyAdditionalSettings>
              <SourceType>0</SourceType>
              <Format>text</Format>
              <MaxLength>1024</MaxLength>
              <Length>2048</Length>
              <displaynames>
                <displayname description="securitykey" languagecode="1033" />
              </displaynames>
              <Descriptions>
                <Description description="stores the mobile service security key" languagecode="1033" />
              </Descriptions>
            </attribute>
            <attribute PhysicalName="dxtools_teamcontrolconfigurationId">
              <Type>primarykey</Type>
              <Name>dxtools_teamcontrolconfigurationid</Name>
              <LogicalName>dxtools_teamcontrolconfigurationid</LogicalName>
              <RequiredLevel>systemrequired</RequiredLevel>
              <DisplayMask>ValidForAdvancedFind|RequiredForGrid</DisplayMask>
              <ImeMode>auto</ImeMode>
              <ValidForReadApi>1</ValidForReadApi>
              <ValidForCreateApi>1</ValidForCreateApi>
              <IsCustomField>0</IsCustomField>
              <IsAuditEnabled>0</IsAuditEnabled>
              <IsSecured>0</IsSecured>
              <IntroducedVersion>1.0.0.0</IntroducedVersion>
              <IsCustomizable>1</IsCustomizable>
              <IsRenameable>1</IsRenameable>
              <CanModifySearchSettings>1</CanModifySearchSettings>
              <CanModifyRequirementLevelSettings>0</CanModifyRequirementLevelSettings>
              <CanModifyAdditionalSettings>1</CanModifyAdditionalSettings>
              <SourceType>0</SourceType>
              <displaynames>
                <displayname description="TeamControlConfiguration" languagecode="1033" />
              </displaynames>
              <Descriptions>
                <Description description="Unique identifier for entity instances" languagecode="1033" />
              </Descriptions>
            </attribute>
            <attribute PhysicalName="dxtools_URL">
              <Type>nvarchar</Type>
              <Name>dxtools_url</Name>
              <LogicalName>dxtools_url</LogicalName>
              <RequiredLevel>none</RequiredLevel>
              <DisplayMask>ValidForAdvancedFind|ValidForForm|ValidForGrid</DisplayMask>
              <ImeMode>auto</ImeMode>
              <ValidForUpdateApi>1</ValidForUpdateApi>
              <ValidForReadApi>1</ValidForReadApi>
              <ValidForCreateApi>1</ValidForCreateApi>
              <IsCustomField>1</IsCustomField>
              <IsAuditEnabled>1</IsAuditEnabled>
              <IsSecured>0</IsSecured>
              <IntroducedVersion>1.0.0.0</IntroducedVersion>
              <IsCustomizable>1</IsCustomizable>
              <IsRenameable>1</IsRenameable>
              <CanModifySearchSettings>1</CanModifySearchSettings>
              <CanModifyRequirementLevelSettings>1</CanModifyRequirementLevelSettings>
              <CanModifyAdditionalSettings>1</CanModifyAdditionalSettings>
              <SourceType>0</SourceType>
              <Format>text</Format>
              <MaxLength>1024</MaxLength>
              <Length>2048</Length>
              <displaynames>
                <displayname description="url" languagecode="1033" />
              </displaynames>
              <Descriptions>
                <Description description="stores mobile service url" languagecode="1033" />
              </Descriptions>
            </attribute>
            <attribute PhysicalName="ImportSequenceNumber">
              <Type>int</Type>
              <Name>importsequencenumber</Name>
              <LogicalName>importsequencenumber</LogicalName>
              <RequiredLevel>none</RequiredLevel>
              <DisplayMask>ValidForAdvancedFind</DisplayMask>
              <ImeMode>disabled</ImeMode>
              <ValidForReadApi>1</ValidForReadApi>
              <ValidForCreateApi>1</ValidForCreateApi>
              <IsCustomField>0</IsCustomField>
              <IsAuditEnabled>1</IsAuditEnabled>
              <IsSecured>0</IsSecured>
              <IntroducedVersion>1.0.0.0</IntroducedVersion>
              <IsCustomizable>1</IsCustomizable>
              <IsRenameable>1</IsRenameable>
              <CanModifySearchSettings>1</CanModifySearchSettings>
              <CanModifyRequirementLevelSettings>1</CanModifyRequirementLevelSettings>
              <CanModifyAdditionalSettings>1</CanModifyAdditionalSettings>
              <SourceType>0</SourceType>
              <Format></Format>
              <MinValue>-2147483648</MinValue>
              <MaxValue>2147483647</MaxValue>
              <displaynames>
                <displayname description="Import Sequence Number" languagecode="1033" />
              </displaynames>
              <Descriptions>
                <Description description="Sequence number of the import that created this record." languagecode="1033" />
              </Descriptions>
            </attribute>
            <attribute PhysicalName="ModifiedBy">
              <Type>lookup</Type>
              <Name>modifiedby</Name>
              <LogicalName>modifiedby</LogicalName>
              <RequiredLevel>none</RequiredLevel>
              <DisplayMask>ValidForAdvancedFind|ValidForForm|ValidForGrid</DisplayMask>
              <ImeMode>auto</ImeMode>
              <ValidForReadApi>1</ValidForReadApi>
              <IsCustomField>0</IsCustomField>
              <IsAuditEnabled>0</IsAuditEnabled>
              <IsSecured>0</IsSecured>
              <IntroducedVersion>1.0.0.0</IntroducedVersion>
              <IsCustomizable>1</IsCustomizable>
              <IsRenameable>1</IsRenameable>
              <CanModifySearchSettings>1</CanModifySearchSettings>
              <CanModifyRequirementLevelSettings>1</CanModifyRequirementLevelSettings>
              <CanModifyAdditionalSettings>1</CanModifyAdditionalSettings>
              <SourceType>0</SourceType>
              <ReferencedEntityObjectTypeCode>8</ReferencedEntityObjectTypeCode>
              <LookupStyle>single</LookupStyle>
              <LookupTypes />
              <displaynames>
                <displayname description="Modified By" languagecode="1033" />
              </displaynames>
              <Descriptions>
                <Description description="Unique identifier of the user who modified the record." languagecode="1033" />
              </Descriptions>
            </attribute>
            <attribute PhysicalName="ModifiedOn">
              <Type>datetime</Type>
              <Name>modifiedon</Name>
              <LogicalName>modifiedon</LogicalName>
              <RequiredLevel>none</RequiredLevel>
              <DisplayMask>ValidForAdvancedFind|ValidForForm|ValidForGrid</DisplayMask>
              <ImeMode>inactive</ImeMode>
              <ValidForReadApi>1</ValidForReadApi>
              <IsCustomField>0</IsCustomField>
              <IsAuditEnabled>0</IsAuditEnabled>
              <IsSecured>0</IsSecured>
              <IntroducedVersion>1.0.0.0</IntroducedVersion>
              <IsCustomizable>1</IsCustomizable>
              <IsRenameable>1</IsRenameable>
              <CanModifySearchSettings>1</CanModifySearchSettings>
              <CanModifyRequirementLevelSettings>1</CanModifyRequirementLevelSettings>
              <CanModifyAdditionalSettings>1</CanModifyAdditionalSettings>
              <SourceType>0</SourceType>
              <Format>datetime</Format>
              <displaynames>
                <displayname description="Modified On" languagecode="1033" />
              </displaynames>
              <Descriptions>
                <Description description="Date and time when the record was modified." languagecode="1033" />
              </Descriptions>
            </attribute>
            <attribute PhysicalName="ModifiedOnBehalfBy">
              <Type>lookup</Type>
              <Name>modifiedonbehalfby</Name>
              <LogicalName>modifiedonbehalfby</LogicalName>
              <RequiredLevel>none</RequiredLevel>
              <DisplayMask>ValidForAdvancedFind|ValidForForm|ValidForGrid</DisplayMask>
              <ImeMode>auto</ImeMode>
              <ValidForReadApi>1</ValidForReadApi>
              <IsCustomField>0</IsCustomField>
              <IsAuditEnabled>0</IsAuditEnabled>
              <IsSecured>0</IsSecured>
              <IntroducedVersion>1.0.0.0</IntroducedVersion>
              <IsCustomizable>1</IsCustomizable>
              <IsRenameable>1</IsRenameable>
              <CanModifySearchSettings>1</CanModifySearchSettings>
              <CanModifyRequirementLevelSettings>1</CanModifyRequirementLevelSettings>
              <CanModifyAdditionalSettings>1</CanModifyAdditionalSettings>
              <SourceType>0</SourceType>
              <ReferencedEntityObjectTypeCode>8</ReferencedEntityObjectTypeCode>
              <LookupStyle>single</LookupStyle>
              <LookupTypes />
              <displaynames>
                <displayname description="Modified By (Delegate)" languagecode="1033" />
              </displaynames>
              <Descriptions>
                <Description description="Unique identifier of the delegate user who modified the record." languagecode="1033" />
              </Descriptions>
            </attribute>
            <attribute PhysicalName="OrganizationId">
              <Type>lookup</Type>
              <Name>organizationid</Name>
              <LogicalName>organizationid</LogicalName>
              <RequiredLevel>none</RequiredLevel>
              <ImeMode>auto</ImeMode>
              <ValidForReadApi>1</ValidForReadApi>
              <IsCustomField>0</IsCustomField>
              <IsAuditEnabled>1</IsAuditEnabled>
              <IsSecured>0</IsSecured>
              <IntroducedVersion>1.0.0.0</IntroducedVersion>
              <IsCustomizable>1</IsCustomizable>
              <IsRenameable>1</IsRenameable>
              <CanModifySearchSettings>1</CanModifySearchSettings>
              <CanModifyRequirementLevelSettings>1</CanModifyRequirementLevelSettings>
              <CanModifyAdditionalSettings>1</CanModifyAdditionalSettings>
              <SourceType>0</SourceType>
              <ReferencedEntityObjectTypeCode>1019</ReferencedEntityObjectTypeCode>
              <LookupTypes />
              <displaynames>
                <displayname description="Organization Id" languagecode="1033" />
              </displaynames>
              <Descriptions>
                <Description description="Unique identifier for the organization" languagecode="1033" />
              </Descriptions>
            </attribute>
            <attribute PhysicalName="OverriddenCreatedOn">
              <Type>datetime</Type>
              <Name>overriddencreatedon</Name>
              <LogicalName>overriddencreatedon</LogicalName>
              <RequiredLevel>none</RequiredLevel>
              <DisplayMask>ValidForAdvancedFind|ValidForGrid</DisplayMask>
              <ImeMode>inactive</ImeMode>
              <ValidForReadApi>1</ValidForReadApi>
              <ValidForCreateApi>1</ValidForCreateApi>
              <IsCustomField>0</IsCustomField>
              <IsAuditEnabled>1</IsAuditEnabled>
              <IsSecured>0</IsSecured>
              <IntroducedVersion>1.0.0.0</IntroducedVersion>
              <IsCustomizable>1</IsCustomizable>
              <IsRenameable>1</IsRenameable>
              <CanModifySearchSettings>1</CanModifySearchSettings>
              <CanModifyRequirementLevelSettings>1</CanModifyRequirementLevelSettings>
              <CanModifyAdditionalSettings>1</CanModifyAdditionalSettings>
              <SourceType>0</SourceType>
              <Format>date</Format>
              <displaynames>
                <displayname description="Record Created On" languagecode="1033" />
              </displaynames>
              <Descriptions>
                <Description description="Date and time that the record was migrated." languagecode="1033" />
              </Descriptions>
            </attribute>
            <attribute PhysicalName="statecode">
              <Type>state</Type>
              <Name>statecode</Name>
              <LogicalName>statecode</LogicalName>
              <RequiredLevel>systemrequired</RequiredLevel>
              <DisplayMask>ValidForAdvancedFind|ValidForForm|ValidForGrid</DisplayMask>
              <ImeMode>auto</ImeMode>
              <ValidForReadApi>1</ValidForReadApi>
              <IsCustomField>0</IsCustomField>
              <IsAuditEnabled>1</IsAuditEnabled>
              <IsSecured>0</IsSecured>
              <IntroducedVersion>1.0.0.0</IntroducedVersion>
              <IsCustomizable>1</IsCustomizable>
              <IsRenameable>1</IsRenameable>
              <CanModifySearchSettings>1</CanModifySearchSettings>
              <CanModifyRequirementLevelSettings>1</CanModifyRequirementLevelSettings>
              <CanModifyAdditionalSettings>1</CanModifyAdditionalSettings>
              <SourceType>0</SourceType>
              <optionset Name="dxtools_teamcontrolconfiguration_statecode">
                <OptionSetType>state</OptionSetType>
                <IntroducedVersion>1.0.0.0</IntroducedVersion>
                <IsCustomizable>1</IsCustomizable>
                <displaynames>
                  <displayname description="Status" languagecode="1033" />
                </displaynames>
                <Descriptions>
                  <Description description="Status of the TeamControlConfiguration" languagecode="1033" />
                </Descriptions>
                <states>
                  <state value="0" defaultstatus="1" invariantname="Active">
                    <labels>
                      <label description="Active" languagecode="1033" />
                    </labels>
                  </state>
                  <state value="1" defaultstatus="2" invariantname="Inactive">
                    <labels>
                      <label description="Inactive" languagecode="1033" />
                    </labels>
                  </state>
                </states>
              </optionset>
              <displaynames>
                <displayname description="Status" languagecode="1033" />
              </displaynames>
              <Descriptions>
                <Description description="Status of the TeamControlConfiguration" languagecode="1033" />
              </Descriptions>
            </attribute>
            <attribute PhysicalName="statuscode">
              <Type>status</Type>
              <Name>statuscode</Name>
              <LogicalName>statuscode</LogicalName>
              <RequiredLevel>none</RequiredLevel>
              <DisplayMask>ValidForAdvancedFind|ValidForForm|ValidForGrid</DisplayMask>
              <ImeMode>auto</ImeMode>
              <ValidForUpdateApi>1</ValidForUpdateApi>
              <ValidForReadApi>1</ValidForReadApi>
              <ValidForCreateApi>1</ValidForCreateApi>
              <IsCustomField>0</IsCustomField>
              <IsAuditEnabled>1</IsAuditEnabled>
              <IsSecured>0</IsSecured>
              <IntroducedVersion>1.0.0.0</IntroducedVersion>
              <IsCustomizable>1</IsCustomizable>
              <IsRenameable>1</IsRenameable>
              <CanModifySearchSettings>1</CanModifySearchSettings>
              <CanModifyRequirementLevelSettings>1</CanModifyRequirementLevelSettings>
              <CanModifyAdditionalSettings>1</CanModifyAdditionalSettings>
              <SourceType>0</SourceType>
              <optionset Name="dxtools_teamcontrolconfiguration_statuscode">
                <OptionSetType>status</OptionSetType>
                <IntroducedVersion>1.0.0.0</IntroducedVersion>
                <IsCustomizable>1</IsCustomizable>
                <displaynames>
                  <displayname description="Status Reason" languagecode="1033" />
                </displaynames>
                <Descriptions>
                  <Description description="Reason for the status of the TeamControlConfiguration" languagecode="1033" />
                </Descriptions>
                <statuses>
                  <status value="1" state="0">
                    <labels>
                      <label description="Active" languagecode="1033" />
                    </labels>
                  </status>
                  <status value="2" state="1">
                    <labels>
                      <label description="Inactive" languagecode="1033" />
                    </labels>
                  </status>
                </statuses>
              </optionset>
              <displaynames>
                <displayname description="Status Reason" languagecode="1033" />
              </displaynames>
              <Descriptions>
                <Description description="Reason for the status of the TeamControlConfiguration" languagecode="1033" />
              </Descriptions>
            </attribute>
            <attribute PhysicalName="TimeZoneRuleVersionNumber">
              <Type>int</Type>
              <Name>timezoneruleversionnumber</Name>
              <LogicalName>timezoneruleversionnumber</LogicalName>
              <RequiredLevel>none</RequiredLevel>
              <ImeMode>auto</ImeMode>
              <ValidForUpdateApi>1</ValidForUpdateApi>
              <ValidForReadApi>1</ValidForReadApi>
              <ValidForCreateApi>1</ValidForCreateApi>
              <IsCustomField>0</IsCustomField>
              <IsAuditEnabled>0</IsAuditEnabled>
              <IsSecured>0</IsSecured>
              <IntroducedVersion>1.0.0.0</IntroducedVersion>
              <IsCustomizable>1</IsCustomizable>
              <IsRenameable>1</IsRenameable>
              <CanModifySearchSettings>1</CanModifySearchSettings>
              <CanModifyRequirementLevelSettings>1</CanModifyRequirementLevelSettings>
              <CanModifyAdditionalSettings>1</CanModifyAdditionalSettings>
              <SourceType>0</SourceType>
              <Format></Format>
              <MinValue>-1</MinValue>
              <MaxValue>2147483647</MaxValue>
              <displaynames>
                <displayname description="Time Zone Rule Version Number" languagecode="1033" />
              </displaynames>
              <Descriptions>
                <Description description="For internal use only." languagecode="1033" />
              </Descriptions>
            </attribute>
            <attribute PhysicalName="UTCConversionTimeZoneCode">
              <Type>int</Type>
              <Name>utcconversiontimezonecode</Name>
              <LogicalName>utcconversiontimezonecode</LogicalName>
              <RequiredLevel>none</RequiredLevel>
              <ImeMode>auto</ImeMode>
              <ValidForUpdateApi>1</ValidForUpdateApi>
              <ValidForReadApi>1</ValidForReadApi>
              <ValidForCreateApi>1</ValidForCreateApi>
              <IsCustomField>0</IsCustomField>
              <IsAuditEnabled>0</IsAuditEnabled>
              <IsSecured>0</IsSecured>
              <IntroducedVersion>1.0.0.0</IntroducedVersion>
              <IsCustomizable>1</IsCustomizable>
              <IsRenameable>1</IsRenameable>
              <CanModifySearchSettings>1</CanModifySearchSettings>
              <CanModifyRequirementLevelSettings>1</CanModifyRequirementLevelSettings>
              <CanModifyAdditionalSettings>1</CanModifyAdditionalSettings>
              <SourceType>0</SourceType>
              <Format></Format>
              <MinValue>-1</MinValue>
              <MaxValue>2147483647</MaxValue>
              <displaynames>
                <displayname description="UTC Conversion Time Zone Code" languagecode="1033" />
              </displaynames>
              <Descriptions>
                <Description description="Time zone code that was in use when the record was created." languagecode="1033" />
              </Descriptions>
            </attribute>
          </attributes>
          <IsDuplicateCheckSupported>1</IsDuplicateCheckSupported>
          <IsBusinessProcessEnabled>0</IsBusinessProcessEnabled>
          <IsRequiredOffline>0</IsRequiredOffline>
          <IsCollaboration>0</IsCollaboration>
          <AutoRouteToOwnerQueue>0</AutoRouteToOwnerQueue>
          <IsConnectionsEnabled>0</IsConnectionsEnabled>
          <IsDocumentManagementEnabled>0</IsDocumentManagementEnabled>
          <OwnershipTypeMask>OrgOwned</OwnershipTypeMask>
          <IsAuditEnabled>0</IsAuditEnabled>
          <IsActivity>0</IsActivity>
          <ActivityTypeMask></ActivityTypeMask>
          <IsActivityParty>0</IsActivityParty>
          <IsReplicated>0</IsReplicated>
          <IsReplicationUserFiltered>0</IsReplicationUserFiltered>
          <IsMailMergeEnabled>0</IsMailMergeEnabled>
          <IsVisibleInMobile>0</IsVisibleInMobile>
          <IsVisibleInMobileClient>0</IsVisibleInMobileClient>
          <IsReadOnlyInMobileClient>0</IsReadOnlyInMobileClient>
          <IsMapiGridEnabled>1</IsMapiGridEnabled>
          <IsReadingPaneEnabled>0</IsReadingPaneEnabled>
          <IsQuickCreateEnabled>0</IsQuickCreateEnabled>
          <IntroducedVersion>1.0.0.0</IntroducedVersion>
          <IsCustomizable>1</IsCustomizable>
          <IsRenameable>1</IsRenameable>
          <IsMappable>1</IsMappable>
          <CanModifyAuditSettings>1</CanModifyAuditSettings>
          <CanModifyMobileVisibility>1</CanModifyMobileVisibility>
          <CanModifyMobileClientVisibility>1</CanModifyMobileClientVisibility>
          <CanModifyMobileClientReadOnly>1</CanModifyMobileClientReadOnly>
          <CanModifyConnectionSettings>1</CanModifyConnectionSettings>
          <CanModifyDuplicateDetectionSettings>1</CanModifyDuplicateDetectionSettings>
          <CanModifyMailMergeSettings>1</CanModifyMailMergeSettings>
          <CanModifyQueueSettings>1</CanModifyQueueSettings>
          <CanCreateAttributes>1</CanCreateAttributes>
          <CanCreateForms>1</CanCreateForms>
          <CanCreateCharts>1</CanCreateCharts>
          <CanCreateViews>1</CanCreateViews>
          <CanModifyAdditionalSettings>1</CanModifyAdditionalSettings>
          <EnforceStateTransitions>0</EnforceStateTransitions>
          <CanChangeHierarchicalRelationship>1</CanChangeHierarchicalRelationship>
          <EntityHelpUrlEnabled>0</EntityHelpUrlEnabled>
        </entity>
      </EntityInfo>
      <FormXml>
        <forms type="main">
          <systemform>
            <formid>{2a9a59e9-ed52-4c4c-b661-e2856e829f7c}</formid>
            <IntroducedVersion>1.0.0.0</IntroducedVersion>
            <FormPresentation>1</FormPresentation>
            <FormActivationState>1</FormActivationState>
            <form>
              <tabs>
                <tab verticallayout="true" id="{ebb4c9b9-4277-4191-b164-19e5a71b11b0}" IsUserDefined="1">
                  <labels>
                    <label description="General" languagecode="1033" />
                  </labels>
                  <columns>
                    <column width="100%">
                      <sections>
                        <section showlabel="false" showbar="false" IsUserDefined="0" id="{0fd79316-fe1e-44ec-9a59-9e18b4120614}">
                          <labels>
                            <label description="General" languagecode="1033" />
                          </labels>
                          <rows>
                            <row>
                              <cell id="{69a2b57a-c4a8-4514-bfb7-81ccf34b6b19}">
                                <labels>
                                  <label description="Name" languagecode="1033" />
                                </labels>
                                <control id="dxtools_name" classid="{4273EDBD-AC1D-40d3-9FB2-095C621B552D}" datafieldname="dxtools_name" />
                              </cell>
                            </row>
                          </rows>
                        </section>
                      </sections>
                    </column>
                  </columns>
                </tab>
              </tabs>
            </form>
            <IsCustomizable>1</IsCustomizable>
            <CanBeDeleted>1</CanBeDeleted>
            <LocalizedNames>
              <LocalizedName description="Information" languagecode="1033" />
            </LocalizedNames>
            <Descriptions>
              <Description description="A form for this entity." languagecode="1033" />
            </Descriptions>
          </systemform>
        </forms>
        <forms type="mobile">
          <systemform>
            <formid>{dd19fcc3-2f60-45e1-9131-1d59bcca6db4}</formid>
            <IntroducedVersion>1.0.0.0</IntroducedVersion>
            <FormPresentation>0</FormPresentation>
            <FormActivationState>1</FormActivationState>
            <form>
              <tabs>
                <tab name="general" verticallayout="true" id="{456f3793-5cfd-43bf-a459-54747819d72c}" IsUserDefined="0">
                  <labels>
                    <label description="" languagecode="1033" />
                  </labels>
                  <columns>
                    <column width="100%">
                      <sections>
                        <section name="account information" showlabel="false" showbar="false" id="{7f8251df-6ff4-4908-89a1-a158431fae11}" IsUserDefined="0">
                          <labels>
                            <label description="" languagecode="1033" />
                          </labels>
                          <rows>
                            <row>
                              <cell id="{d2f5f0e6-4480-460a-aaca-6f5af3203909}">
                                <labels>
                                  <label description="Name" languagecode="1033" />
                                </labels>
                                <control id="dxtools_name" classid="{4273EDBD-AC1D-40d3-9FB2-095C621B552D}" datafieldname="dxtools_name" disabled="false" />
                              </cell>
                              <cell id="{d10e218f-f3f2-4792-8f6b-8e58e605a54f}">
                                <labels>
                                  <label description="Status" languagecode="1033" />
                                </labels>
                                <control id="statecode" classid="{3EF39988-22BB-4f0b-BBBE-64B5A3748AEE}" datafieldname="statecode" disabled="false" />
                              </cell>
                            </row>
                          </rows>
                        </section>
                      </sections>
                    </column>
                  </columns>
                </tab>
              </tabs>
            </form>
            <IsCustomizable>1</IsCustomizable>
            <CanBeDeleted>1</CanBeDeleted>
            <LocalizedNames>
              <LocalizedName description="Information" languagecode="1033" />
            </LocalizedNames>
            <Descriptions>
              <Description description="This is the form that is displayed for the CRM Mobile application." languagecode="1033" />
            </Descriptions>
          </systemform>
        </forms>
      </FormXml>
      <SavedQueries>
        <savedqueries>
          <savedquery>
            <IsCustomizable>1</IsCustomizable>
            <CanBeDeleted>0</CanBeDeleted>
            <isquickfindquery>0</isquickfindquery>
            <isprivate>0</isprivate>
            <isdefault>1</isdefault>
            <returnedtypecode>10005</returnedtypecode>
            <savedqueryid>{b269965a-6285-4d7d-b949-8332887ff5ac}</savedqueryid>
            <layoutxml>
              <grid name="resultset" object="10005" jump="dxtools_name" select="1" icon="1" preview="1">
                <row name="result" id="dxtools_teamcontrolconfigurationid">
                  <cell name="dxtools_name" width="300" />
                  <cell name="createdon" width="125" />
                </row>
              </grid>
            </layoutxml>
            <querytype>0</querytype>
            <fetchxml>
              <fetch version="1.0" mapping="logical">
                <entity name="dxtools_teamcontrolconfiguration">
                  <attribute name="dxtools_teamcontrolconfigurationid" />
                  <attribute name="dxtools_name" />
                  <attribute name="createdon" />
                  <order attribute="dxtools_name" descending="false" />
                  <filter type="and">
                    <condition attribute="statecode" operator="eq" value="0" />
                  </filter>
                </entity>
              </fetch>
            </fetchxml>
            <IntroducedVersion>1.0.0.0</IntroducedVersion>
            <LocalizedNames>
              <LocalizedName description="Active TeamControlConfigurations" languagecode="1033" />
            </LocalizedNames>
          </savedquery>
          <savedquery>
            <IsCustomizable>1</IsCustomizable>
            <CanBeDeleted>0</CanBeDeleted>
            <isquickfindquery>0</isquickfindquery>
            <isprivate>0</isprivate>
            <isdefault>0</isdefault>
            <returnedtypecode>10005</returnedtypecode>
            <savedqueryid>{dbdef46b-5a55-438f-848c-78ec1d718366}</savedqueryid>
            <layoutxml>
              <grid name="resultset" object="10005" jump="dxtools_name" select="1" icon="1" preview="1">
                <row name="result" id="dxtools_teamcontrolconfigurationid">
                  <cell name="dxtools_name" width="300" />
                  <cell name="createdon" width="125" />
                </row>
              </grid>
            </layoutxml>
            <querytype>0</querytype>
            <fetchxml>
              <fetch version="1.0" mapping="logical">
                <entity name="dxtools_teamcontrolconfiguration">
                  <attribute name="dxtools_teamcontrolconfigurationid" />
                  <attribute name="dxtools_name" />
                  <attribute name="createdon" />
                  <order attribute="dxtools_name" descending="false" />
                  <filter type="and">
                    <condition attribute="statecode" operator="eq" value="1" />
                  </filter>
                </entity>
              </fetch>
            </fetchxml>
            <IntroducedVersion>1.0.0.0</IntroducedVersion>
            <LocalizedNames>
              <LocalizedName description="Inactive TeamControlConfigurations" languagecode="1033" />
            </LocalizedNames>
          </savedquery>
          <savedquery>
            <IsCustomizable>1</IsCustomizable>
            <CanBeDeleted>0</CanBeDeleted>
            <isquickfindquery>1</isquickfindquery>
            <isprivate>0</isprivate>
            <isdefault>1</isdefault>
            <returnedtypecode>10005</returnedtypecode>
            <savedqueryid>{5913beed-e8f2-4798-a3ac-f1dcb3b73650}</savedqueryid>
            <layoutxml>
              <grid name="resultset" object="10005" jump="dxtools_name" select="1" icon="1" preview="1">
                <row name="result" id="dxtools_teamcontrolconfigurationid">
                  <cell name="dxtools_name" width="300" />
                  <cell name="createdon" width="125" />
                </row>
              </grid>
            </layoutxml>
            <querytype>4</querytype>
            <fetchxml>
              <fetch version="1.0" mapping="logical">
                <entity name="dxtools_teamcontrolconfiguration">
                  <attribute name="dxtools_teamcontrolconfigurationid" />
                  <attribute name="dxtools_name" />
                  <attribute name="createdon" />
                  <order attribute="dxtools_name" descending="false" />
                  <filter type="and">
                    <condition attribute="statecode" operator="eq" value="0" />
                  </filter>
                  <filter type="or" isquickfindfields="1">
                    <condition attribute="dxtools_name" operator="like" value="{0}" />
                  </filter>
                </entity>
              </fetch>
            </fetchxml>
            <IntroducedVersion>1.0.0.0</IntroducedVersion>
            <LocalizedNames>
              <LocalizedName description="Quick Find Active TeamControlConfigurations" languagecode="1033" />
            </LocalizedNames>
          </savedquery>
          <savedquery>
            <IsCustomizable>1</IsCustomizable>
            <CanBeDeleted>0</CanBeDeleted>
            <isquickfindquery>0</isquickfindquery>
            <isprivate>0</isprivate>
            <isdefault>1</isdefault>
            <returnedtypecode>10005</returnedtypecode>
            <savedqueryid>{9716f07a-6981-45e5-956f-de325cc680e8}</savedqueryid>
            <layoutxml>
              <grid name="resultset" object="10005" jump="dxtools_name" select="1" icon="1" preview="1">
                <row name="result" id="dxtools_teamcontrolconfigurationid">
                  <cell name="dxtools_name" width="300" />
                  <cell name="createdon" width="125" />
                </row>
              </grid>
            </layoutxml>
            <querytype>1</querytype>
            <fetchxml>
              <fetch version="1.0" mapping="logical">
                <entity name="dxtools_teamcontrolconfiguration">
                  <attribute name="dxtools_teamcontrolconfigurationid" />
                  <attribute name="dxtools_name" />
                  <attribute name="createdon" />
                  <order attribute="dxtools_name" descending="false" />
                </entity>
              </fetch>
            </fetchxml>
            <IntroducedVersion>1.0.0.0</IntroducedVersion>
            <LocalizedNames>
              <LocalizedName description="TeamControlConfiguration Advanced Find View" languagecode="1033" />
            </LocalizedNames>
          </savedquery>
          <savedquery>
            <IsCustomizable>1</IsCustomizable>
            <CanBeDeleted>0</CanBeDeleted>
            <isquickfindquery>0</isquickfindquery>
            <isprivate>0</isprivate>
            <isdefault>1</isdefault>
            <returnedtypecode>10005</returnedtypecode>
            <savedqueryid>{ebb1aca6-5fee-4067-87cd-559c70347507}</savedqueryid>
            <layoutxml>
              <grid name="" object="10005" jump="dxtools_name" select="1" icon="1" preview="1">
                <row name="dxtools_teamcontrolconfiguration" id="dxtools_teamcontrolconfigurationid">
                  <cell name="dxtools_name" width="300" />
                  <cell name="createdon" width="125" />
                </row>
              </grid>
            </layoutxml>
            <querytype>2</querytype>
            <fetchxml>
              <fetch version="1.0" mapping="logical">
                <entity name="dxtools_teamcontrolconfiguration">
                  <attribute name="dxtools_teamcontrolconfigurationid" />
                  <attribute name="dxtools_name" />
                  <attribute name="createdon" />
                  <order attribute="dxtools_name" descending="false" />
                  <filter type="and">
                    <condition attribute="statecode" operator="eq" value="0" />
                  </filter>
                </entity>
              </fetch>
            </fetchxml>
            <IntroducedVersion>1.0.0.0</IntroducedVersion>
            <LocalizedNames>
              <LocalizedName description="TeamControlConfiguration Associated View" languagecode="1033" />
            </LocalizedNames>
          </savedquery>
          <savedquery>
            <IsCustomizable>1</IsCustomizable>
            <CanBeDeleted>0</CanBeDeleted>
            <isquickfindquery>0</isquickfindquery>
            <isprivate>0</isprivate>
            <isdefault>1</isdefault>
            <returnedtypecode>10005</returnedtypecode>
            <savedqueryid>{d803159c-1623-4d80-a237-04197a0c1468}</savedqueryid>
            <layoutxml>
              <grid name="" object="10005" jump="dxtools_name" select="1" icon="1" preview="0">
                <row name="dxtools_teamcontrolconfiguration" id="dxtools_teamcontrolconfigurationid">
                  <cell name="dxtools_name" width="300" />
                  <cell name="createdon" width="125" />
                </row>
              </grid>
            </layoutxml>
            <querytype>64</querytype>
            <fetchxml>
              <fetch version="1.0" mapping="logical">
                <entity name="dxtools_teamcontrolconfiguration">
                  <attribute name="dxtools_teamcontrolconfigurationid" />
                  <attribute name="dxtools_name" />
                  <attribute name="createdon" />
                  <filter type="and">
                    <condition attribute="statecode" operator="eq" value="0" />
                  </filter>
                </entity>
              </fetch>
            </fetchxml>
            <IntroducedVersion>1.0.0.0</IntroducedVersion>
            <LocalizedNames>
              <LocalizedName description="TeamControlConfiguration Lookup View" languagecode="1033" />
            </LocalizedNames>
          </savedquery>
          <savedquery>
            <IsCustomizable>1</IsCustomizable>
            <CanBeDeleted>1</CanBeDeleted>
            <isquickfindquery>0</isquickfindquery>
            <isprivate>0</isprivate>
            <isdefault>1</isdefault>
            <returnedtypecode>10005</returnedtypecode>
            <savedqueryid>{211e4762-1dd2-e411-80ef-c4346badc0f0}</savedqueryid>
            <querytype>8192</querytype>
            <fetchxml>
              <fetch version="1.0" mapping="logical" output-format="xml-platform">
                <entity name="dxtools_teamcontrolconfiguration">
                  <attribute name="dxtools_teamcontrolconfigurationid" />
                  <filter type="and">
                    <condition attribute="statecode" operator="eq" value="0" />
                  </filter>
                </entity>
              </fetch>
            </fetchxml>
            <IntroducedVersion>1.0.0.0</IntroducedVersion>
            <LocalizedNames>
              <LocalizedName description="TeamControlConfigurations" languagecode="1033" />
            </LocalizedNames>
          </savedquery>
        </savedqueries>
      </SavedQueries>
      <RibbonDiffXml>
        <CustomActions />
        <Templates>
          <RibbonTemplates Id="Mscrm.Templates"></RibbonTemplates>
        </Templates>
        <CommandDefinitions />
        <RuleDefinitions>
          <TabDisplayRules />
          <DisplayRules />
          <EnableRules />
        </RuleDefinitions>
        <LocLabels />
      </RibbonDiffXml>
    </Entity>
  </Entities>
  <Roles></Roles>
  <Workflows></Workflows>
  <FieldSecurityProfiles></FieldSecurityProfiles>
  <Templates />
  <EntityMaps />
  <EntityRelationships>
    <EntityRelationship Name="dxtools_teamcontrolconfiguration_AsyncOperations">
      <EntityRelationshipType>OneToMany</EntityRelationshipType>
      <IsCustomizable>1</IsCustomizable>
      <IntroducedVersion>1.0.0.0</IntroducedVersion>
      <IsHierarchical>0</IsHierarchical>
      <ReferencingEntityName>AsyncOperation</ReferencingEntityName>
      <ReferencedEntityName>dxtools_teamcontrolconfiguration</ReferencedEntityName>
      <CascadeAssign>NoCascade</CascadeAssign>
      <CascadeDelete>NoCascade</CascadeDelete>
      <CascadeReparent>NoCascade</CascadeReparent>
      <CascadeShare>NoCascade</CascadeShare>
      <CascadeUnshare>NoCascade</CascadeUnshare>
      <ReferencingAttributeName>RegardingObjectId</ReferencingAttributeName>
      <RelationshipDescription>
        <Descriptions>
          <Description description="Unique identifier of the object with which the system job is associated." languagecode="1033" />
        </Descriptions>
      </RelationshipDescription>
      <field name="regardingobjectid" requiredlevel="none" imemode="auto" lookupstyle="single" lookupbrowse="0" format="regarding">
        <IsSecured>0</IsSecured>
        <DisplayMask>ValidForAdvancedFind|ValidForForm|ValidForGrid</DisplayMask>
        <IsAuditEnabled>0</IsAuditEnabled>
        <displaynames>
          <displayname description="Regarding" languagecode="1033" />
        </displaynames>
      </field>
    </EntityRelationship>
    <EntityRelationship Name="dxtools_teamcontrolconfiguration_BulkDeleteFailures">
      <EntityRelationshipType>OneToMany</EntityRelationshipType>
      <IsCustomizable>1</IsCustomizable>
      <IntroducedVersion>1.0.0.0</IntroducedVersion>
      <IsHierarchical>0</IsHierarchical>
      <ReferencingEntityName>BulkDeleteFailure</ReferencingEntityName>
      <ReferencedEntityName>dxtools_teamcontrolconfiguration</ReferencedEntityName>
      <CascadeAssign>NoCascade</CascadeAssign>
      <CascadeDelete>Cascade</CascadeDelete>
      <CascadeReparent>NoCascade</CascadeReparent>
      <CascadeShare>NoCascade</CascadeShare>
      <CascadeUnshare>NoCascade</CascadeUnshare>
      <ReferencingAttributeName>RegardingObjectId</ReferencingAttributeName>
      <RelationshipDescription>
        <Descriptions>
          <Description description="Unique identifier of the record that can not be deleted." languagecode="1033" />
        </Descriptions>
      </RelationshipDescription>
      <field name="regardingobjectid" requiredlevel="none" imemode="auto" lookupstyle="single" lookupbrowse="0" format="regarding">
        <IsSecured>0</IsSecured>
        <DisplayMask>ValidForAdvancedFind|ValidForForm|ValidForGrid</DisplayMask>
        <IsAuditEnabled>0</IsAuditEnabled>
        <displaynames>
          <displayname description="Name" languagecode="1033" />
        </displaynames>
      </field>
    </EntityRelationship>
    <EntityRelationship Name="dxtools_teamcontrolconfiguration_DuplicateBaseRecord">
      <EntityRelationshipType>OneToMany</EntityRelationshipType>
      <IsCustomizable>1</IsCustomizable>
      <IntroducedVersion>1.0.0.0</IntroducedVersion>
      <IsHierarchical>0</IsHierarchical>
      <ReferencingEntityName>DuplicateRecord</ReferencingEntityName>
      <ReferencedEntityName>dxtools_teamcontrolconfiguration</ReferencedEntityName>
      <CascadeAssign>NoCascade</CascadeAssign>
      <CascadeDelete>Cascade</CascadeDelete>
      <CascadeReparent>NoCascade</CascadeReparent>
      <CascadeShare>NoCascade</CascadeShare>
      <CascadeUnshare>NoCascade</CascadeUnshare>
      <ReferencingAttributeName>BaseRecordId</ReferencingAttributeName>
      <RelationshipDescription>
        <Descriptions>
          <Description description="Unique identifier of the base record." languagecode="1033" />
        </Descriptions>
      </RelationshipDescription>
      <field name="baserecordid" requiredlevel="none" imemode="auto" lookupstyle="single" lookupbrowse="0" format="">
        <IsSecured>0</IsSecured>
        <DisplayMask>ValidForAdvancedFind|ValidForForm|ValidForGrid</DisplayMask>
        <IsAuditEnabled>1</IsAuditEnabled>
        <displaynames>
          <displayname description="Base Record ID" languagecode="1033" />
        </displaynames>
      </field>
    </EntityRelationship>
    <EntityRelationship Name="dxtools_teamcontrolconfiguration_DuplicateMatchingRecord">
      <EntityRelationshipType>OneToMany</EntityRelationshipType>
      <IsCustomizable>1</IsCustomizable>
      <IntroducedVersion>1.0.0.0</IntroducedVersion>
      <IsHierarchical>0</IsHierarchical>
      <ReferencingEntityName>DuplicateRecord</ReferencingEntityName>
      <ReferencedEntityName>dxtools_teamcontrolconfiguration</ReferencedEntityName>
      <CascadeAssign>NoCascade</CascadeAssign>
      <CascadeDelete>Cascade</CascadeDelete>
      <CascadeReparent>NoCascade</CascadeReparent>
      <CascadeShare>NoCascade</CascadeShare>
      <CascadeUnshare>NoCascade</CascadeUnshare>
      <ReferencingAttributeName>DuplicateRecordId</ReferencingAttributeName>
      <RelationshipDescription>
        <Descriptions>
          <Description description="Unique identifier of the potential duplicate record." languagecode="1033" />
        </Descriptions>
      </RelationshipDescription>
      <field name="duplicaterecordid" requiredlevel="none" imemode="auto" lookupstyle="single" lookupbrowse="0" format="">
        <IsSecured>0</IsSecured>
        <DisplayMask>ValidForAdvancedFind|ValidForForm|ValidForGrid</DisplayMask>
        <IsAuditEnabled>1</IsAuditEnabled>
        <displaynames>
          <displayname description="Duplicate Record ID" languagecode="1033" />
        </displaynames>
      </field>
    </EntityRelationship>
    <EntityRelationship Name="dxtools_teamcontrolconfiguration_PrincipalObjectAttributeAccesses">
      <EntityRelationshipType>OneToMany</EntityRelationshipType>
      <IsCustomizable>1</IsCustomizable>
      <IntroducedVersion>1.0.0.0</IntroducedVersion>
      <IsHierarchical>0</IsHierarchical>
      <ReferencingEntityName>PrincipalObjectAttributeAccess</ReferencingEntityName>
      <ReferencedEntityName>dxtools_teamcontrolconfiguration</ReferencedEntityName>
      <CascadeAssign>NoCascade</CascadeAssign>
      <CascadeDelete>Cascade</CascadeDelete>
      <CascadeReparent>NoCascade</CascadeReparent>
      <CascadeShare>NoCascade</CascadeShare>
      <CascadeUnshare>NoCascade</CascadeUnshare>
      <ReferencingAttributeName>ObjectId</ReferencingAttributeName>
      <RelationshipDescription>
        <Descriptions>
          <Description description="Unique identifier of the entity instance with shared secured field" languagecode="1033" />
        </Descriptions>
      </RelationshipDescription>
      <field name="objectid" requiredlevel="systemrequired" imemode="auto" lookupstyle="single" lookupbrowse="0" format="regarding">
        <IsSecured>0</IsSecured>
        <DisplayMask>ValidForForm|ValidForGrid</DisplayMask>
        <IsAuditEnabled>1</IsAuditEnabled>
        <displaynames>
          <displayname description="Entity instance" languagecode="1033" />
        </displaynames>
      </field>
    </EntityRelationship>
    <EntityRelationship Name="dxtools_teamcontrolconfiguration_ProcessSession">
      <EntityRelationshipType>OneToMany</EntityRelationshipType>
      <IsCustomizable>1</IsCustomizable>
      <IntroducedVersion>1.0.0.0</IntroducedVersion>
      <IsHierarchical>0</IsHierarchical>
      <ReferencingEntityName>ProcessSession</ReferencingEntityName>
      <ReferencedEntityName>dxtools_teamcontrolconfiguration</ReferencedEntityName>
      <CascadeAssign>NoCascade</CascadeAssign>
      <CascadeDelete>NoCascade</CascadeDelete>
      <CascadeReparent>NoCascade</CascadeReparent>
      <CascadeShare>NoCascade</CascadeShare>
      <CascadeUnshare>NoCascade</CascadeUnshare>
      <ReferencingAttributeName>RegardingObjectId</ReferencingAttributeName>
      <RelationshipDescription>
        <Descriptions>
          <Description description="Unique identifier of the object with which the dialog session is associated." languagecode="1033" />
        </Descriptions>
      </RelationshipDescription>
      <field name="regardingobjectid" requiredlevel="none" imemode="auto" lookupstyle="single" lookupbrowse="0" format="regarding">
        <IsSecured>0</IsSecured>
        <DisplayMask>ValidForAdvancedFind|ValidForGrid</DisplayMask>
        <IsAuditEnabled>1</IsAuditEnabled>
        <displaynames>
          <displayname description="Regarding" languagecode="1033" />
        </displaynames>
      </field>
    </EntityRelationship>
    <EntityRelationship Name="dxtools_teamcontrolconfiguration_UserEntityInstanceDatas">
      <EntityRelationshipType>OneToMany</EntityRelationshipType>
      <IsCustomizable>1</IsCustomizable>
      <IntroducedVersion>1.0.0.0</IntroducedVersion>
      <IsHierarchical>0</IsHierarchical>
      <ReferencingEntityName>UserEntityInstanceData</ReferencingEntityName>
      <ReferencedEntityName>dxtools_teamcontrolconfiguration</ReferencedEntityName>
      <CascadeAssign>NoCascade</CascadeAssign>
      <CascadeDelete>Cascade</CascadeDelete>
      <CascadeReparent>NoCascade</CascadeReparent>
      <CascadeShare>NoCascade</CascadeShare>
      <CascadeUnshare>NoCascade</CascadeUnshare>
      <ReferencingAttributeName>ObjectId</ReferencingAttributeName>
      <RelationshipDescription>
        <Descriptions>
          <Description description="Unique identifier of the source record." languagecode="1033" />
        </Descriptions>
      </RelationshipDescription>
      <field name="objectid" requiredlevel="systemrequired" imemode="auto" lookupstyle="single" lookupbrowse="0" format="">
        <IsSecured>0</IsSecured>
        <DisplayMask>ValidForAdvancedFind|ValidForForm|ValidForGrid|RequiredForForm</DisplayMask>
        <IsAuditEnabled>1</IsAuditEnabled>
        <displaynames>
          <displayname description="Object Id" languagecode="1033" />
        </displaynames>
      </field>
    </EntityRelationship>
    <EntityRelationship Name="lk_dxtools_teamcontrolconfiguration_createdby">
      <EntityRelationshipType>OneToMany</EntityRelationshipType>
      <IsCustomizable>1</IsCustomizable>
      <IntroducedVersion>1.0.0.0</IntroducedVersion>
      <IsHierarchical>0</IsHierarchical>
      <ReferencingEntityName>dxtools_teamcontrolconfiguration</ReferencingEntityName>
      <ReferencedEntityName>SystemUser</ReferencedEntityName>
      <CascadeAssign>NoCascade</CascadeAssign>
      <CascadeDelete>NoCascade</CascadeDelete>
      <CascadeReparent>NoCascade</CascadeReparent>
      <CascadeShare>NoCascade</CascadeShare>
      <CascadeUnshare>NoCascade</CascadeUnshare>
      <ReferencingAttributeName>CreatedBy</ReferencingAttributeName>
      <RelationshipDescription>
        <Descriptions>
          <Description description="Unique identifier of the user who created the record." languagecode="1033" />
        </Descriptions>
      </RelationshipDescription>
      <field name="createdby" requiredlevel="none" imemode="auto" lookupstyle="single" lookupbrowse="0" format="">
        <IsCustomizable>1</IsCustomizable>
        <IsRenameable>1</IsRenameable>
        <CanModifySearchSettings>1</CanModifySearchSettings>
        <CanModifyRequirementLevelSettings>1</CanModifyRequirementLevelSettings>
        <IsSecured>0</IsSecured>
        <DisplayMask>ValidForAdvancedFind|ValidForForm|ValidForGrid</DisplayMask>
        <IsAuditEnabled>0</IsAuditEnabled>
        <displaynames>
          <displayname description="Created By" languagecode="1033" />
        </displaynames>
      </field>
    </EntityRelationship>
    <EntityRelationship Name="lk_dxtools_teamcontrolconfiguration_modifiedby">
      <EntityRelationshipType>OneToMany</EntityRelationshipType>
      <IsCustomizable>1</IsCustomizable>
      <IntroducedVersion>1.0.0.0</IntroducedVersion>
      <IsHierarchical>0</IsHierarchical>
      <ReferencingEntityName>dxtools_teamcontrolconfiguration</ReferencingEntityName>
      <ReferencedEntityName>SystemUser</ReferencedEntityName>
      <CascadeAssign>NoCascade</CascadeAssign>
      <CascadeDelete>NoCascade</CascadeDelete>
      <CascadeReparent>NoCascade</CascadeReparent>
      <CascadeShare>NoCascade</CascadeShare>
      <CascadeUnshare>NoCascade</CascadeUnshare>
      <ReferencingAttributeName>ModifiedBy</ReferencingAttributeName>
      <RelationshipDescription>
        <Descriptions>
          <Description description="Unique identifier of the user who modified the record." languagecode="1033" />
        </Descriptions>
      </RelationshipDescription>
      <field name="modifiedby" requiredlevel="none" imemode="auto" lookupstyle="single" lookupbrowse="0" format="">
        <IsCustomizable>1</IsCustomizable>
        <IsRenameable>1</IsRenameable>
        <CanModifySearchSettings>1</CanModifySearchSettings>
        <CanModifyRequirementLevelSettings>1</CanModifyRequirementLevelSettings>
        <IsSecured>0</IsSecured>
        <DisplayMask>ValidForAdvancedFind|ValidForForm|ValidForGrid</DisplayMask>
        <IsAuditEnabled>0</IsAuditEnabled>
        <displaynames>
          <displayname description="Modified By" languagecode="1033" />
        </displaynames>
      </field>
    </EntityRelationship>
    <EntityRelationship Name="organization_dxtools_teamcontrolconfiguration">
      <EntityRelationshipType>OneToMany</EntityRelationshipType>
      <IsCustomizable>1</IsCustomizable>
      <IntroducedVersion>1.0.0.0</IntroducedVersion>
      <IsHierarchical>0</IsHierarchical>
      <ReferencingEntityName>dxtools_teamcontrolconfiguration</ReferencingEntityName>
      <ReferencedEntityName>Organization</ReferencedEntityName>
      <CascadeAssign>NoCascade</CascadeAssign>
      <CascadeDelete>NoCascade</CascadeDelete>
      <CascadeReparent>NoCascade</CascadeReparent>
      <CascadeShare>NoCascade</CascadeShare>
      <CascadeUnshare>NoCascade</CascadeUnshare>
      <ReferencingAttributeName>OrganizationId</ReferencingAttributeName>
      <RelationshipDescription>
        <Descriptions>
          <Description description="Unique identifier for the organization" languagecode="1033" />
        </Descriptions>
      </RelationshipDescription>
      <field name="organizationid" requiredlevel="none" imemode="auto" format="">
        <IsCustomizable>1</IsCustomizable>
        <IsRenameable>1</IsRenameable>
        <CanModifySearchSettings>1</CanModifySearchSettings>
        <CanModifyRequirementLevelSettings>1</CanModifyRequirementLevelSettings>
        <IsSecured>0</IsSecured>
        <IsAuditEnabled>1</IsAuditEnabled>
        <displaynames>
          <displayname description="Organization Id" languagecode="1033" />
        </displaynames>
      </field>
    </EntityRelationship>
  </EntityRelationships>
  <OrganizationSettings />
  <optionsets />
  <WebResources>
    <WebResource>
      <WebResourceId>{36d24626-3bd2-e411-80ef-c4346badc0f0}</WebResourceId>
      <Name>dxtools_/TeamControl/Configuration.html</Name>
      <DisplayName>DXToolsTeamControlConfiguration</DisplayName>
      <LanguageCode>1033</LanguageCode>
      <WebResourceType>1</WebResourceType>
      <IntroducedVersion>1.0.0.0</IntroducedVersion>
      <IsEnabledForMobileClient>0</IsEnabledForMobileClient>
      <IsCustomizable>1</IsCustomizable>
      <CanBeDeleted>1</CanBeDeleted>
      <IsHidden>0</IsHidden>
      <FileName>/WebResources/dxtools_TeamControlConfigurationhtml36D24626-3BD2-E411-80EF-C4346BADC0F0</FileName>
    </WebResource>
    <WebResource>
      <WebResourceId>{7d91771c-3ed2-e411-80ef-c4346badc0f0}</WebResourceId>
      <Name>dxtools_/TeamControl/dxtoolslogo.png</Name>
      <DisplayName>dxtoolslogo</DisplayName>
      <LanguageCode>1033</LanguageCode>
      <WebResourceType>5</WebResourceType>
      <IntroducedVersion>1.0.0.0</IntroducedVersion>
      <IsEnabledForMobileClient>0</IsEnabledForMobileClient>
      <IsCustomizable>1</IsCustomizable>
      <CanBeDeleted>1</CanBeDeleted>
      <IsHidden>0</IsHidden>
      <FileName>/WebResources/dxtools_TeamControldxtoolslogopng7D91771C-3ED2-E411-80EF-C4346BADC0F0</FileName>
    </WebResource>
  </WebResources>
  <SolutionPluginAssemblies>
    <PluginAssembly FullName="DXTools.CRM.Solutions.TeamControlPlugins, Version=1.0.0.0, Culture=neutral, PublicKeyToken=f3dddd103a20768f" CustomizationLevel="1">
      <IsolationMode>2</IsolationMode>
      <SourceType>0</SourceType>
      <IntroducedVersion>1.0.0.0</IntroducedVersion>
      <FileName>/PluginAssemblies/DXToolsCRMSolutionsTeamControlPlugins-2B02FC58-F1CE-E411-AE46-D89D67641068/DXToolsCRMSolutionsTeamControlPlugins.dll</FileName>
      <PluginTypes>
        <PluginType AssemblyQualifiedName="DXTools.CRM.Solutions.TeamControlPlugins.PostPublish, DXTools.CRM.Solutions.TeamControlPlugins, Version=1.0.0.0, Culture=neutral, PublicKeyToken=f3dddd103a20768f" Name="DXTools.CRM.Solutions.TeamControlPlugins.PostPublish">
          <Description>Plug-in to Post Publish</Description>
          <FriendlyName>PostPublish</FriendlyName>
        </PluginType>
        <PluginType AssemblyQualifiedName="DXTools.CRM.Solutions.TeamControlPlugins.PreValidatePublish, DXTools.CRM.Solutions.TeamControlPlugins, Version=1.0.0.0, Culture=neutral, PublicKeyToken=f3dddd103a20768f" Name="DXTools.CRM.Solutions.TeamControlPlugins.PreValidatePublish">
          <Description>Plug-in to PreValidate Publish</Description>
          <FriendlyName>PreValidatePublish</FriendlyName>
        </PluginType>
      </PluginTypes>
    </PluginAssembly>
  </SolutionPluginAssemblies>
  <SdkMessageProcessingSteps>
    <SdkMessageProcessingStep Name="PostPublish" SdkMessageProcessingStepId="{e57ad102-f6d9-e411-80f8-c4346bad725c}">
      <PluginTypeName>DXTools.CRM.Solutions.TeamControlPlugins.PostPublish, DXTools.CRM.Solutions.TeamControlPlugins, Version=1.0.0.0, Culture=neutral, PublicKeyToken=f3dddd103a20768f</PluginTypeName>
      <AsyncAutoDelete>0</AsyncAutoDelete>
      <Description>Post-Operation of Publish</Description>
      <InvocationSource>0</InvocationSource>
      <Mode>0</Mode>
      <Rank>1</Rank>
      <SdkMessageId>{b2bdbb1b-ea3e-db11-86a7-000a3a5473e8}</SdkMessageId>
      <EventHandlerTypeCode>4602</EventHandlerTypeCode>
      <Stage>40</Stage>
      <IsCustomizable>1</IsCustomizable>
      <IsHidden>0</IsHidden>
      <SupportedDeployment>0</SupportedDeployment>
      <IntroducedVersion>1.0.0.0</IntroducedVersion>
      <SdkMessageProcessingStepImages />
    </SdkMessageProcessingStep>
    <SdkMessageProcessingStep Name="PostPublishAll" SdkMessageProcessingStepId="{e87ad102-f6d9-e411-80f8-c4346bad725c}">
      <PluginTypeName>DXTools.CRM.Solutions.TeamControlPlugins.PostPublish, DXTools.CRM.Solutions.TeamControlPlugins, Version=1.0.0.0, Culture=neutral, PublicKeyToken=f3dddd103a20768f</PluginTypeName>
      <AsyncAutoDelete>0</AsyncAutoDelete>
      <Description>Post-Operation of Publish All</Description>
      <InvocationSource>0</InvocationSource>
      <Mode>0</Mode>
      <Rank>1</Rank>
      <SdkMessageId>{debdbb1b-ea3e-db11-86a7-000a3a5473e8}</SdkMessageId>
      <EventHandlerTypeCode>4602</EventHandlerTypeCode>
      <Stage>40</Stage>
      <IsCustomizable>1</IsCustomizable>
      <IsHidden>0</IsHidden>
      <SupportedDeployment>0</SupportedDeployment>
      <IntroducedVersion>1.0.0.0</IntroducedVersion>
      <SdkMessageProcessingStepImages />
    </SdkMessageProcessingStep>
    <SdkMessageProcessingStep Name="PreValidatePublish" SdkMessageProcessingStepId="{932069a3-a9d7-e411-9e7d-d89d6764365c}">
      <PluginTypeName>DXTools.CRM.Solutions.TeamControlPlugins.PreValidatePublish, DXTools.CRM.Solutions.TeamControlPlugins, Version=1.0.0.0, Culture=neutral, PublicKeyToken=f3dddd103a20768f</PluginTypeName>
      <AsyncAutoDelete>0</AsyncAutoDelete>
      <Description>PreValidate Publish</Description>
      <InvocationSource>0</InvocationSource>
      <Mode>0</Mode>
      <Rank>1</Rank>
      <SdkMessageId>{b2bdbb1b-ea3e-db11-86a7-000a3a5473e8}</SdkMessageId>
      <EventHandlerTypeCode>4602</EventHandlerTypeCode>
      <Stage>10</Stage>
      <IsCustomizable>1</IsCustomizable>
      <IsHidden>0</IsHidden>
      <SupportedDeployment>0</SupportedDeployment>
      <IntroducedVersion>1.0.0.0</IntroducedVersion>
      <SdkMessageProcessingStepImages />
    </SdkMessageProcessingStep>
    <SdkMessageProcessingStep Name="PreValidatePublishAll" SdkMessageProcessingStepId="{962069a3-a9d7-e411-9e7d-d89d6764365c}">
      <PluginTypeName>DXTools.CRM.Solutions.TeamControlPlugins.PreValidatePublish, DXTools.CRM.Solutions.TeamControlPlugins, Version=1.0.0.0, Culture=neutral, PublicKeyToken=f3dddd103a20768f</PluginTypeName>
      <AsyncAutoDelete>0</AsyncAutoDelete>
      <Description>PreValidate Publish All</Description>
      <InvocationSource>0</InvocationSource>
      <Mode>0</Mode>
      <Rank>1</Rank>
      <SdkMessageId>{debdbb1b-ea3e-db11-86a7-000a3a5473e8}</SdkMessageId>
      <EventHandlerTypeCode>4602</EventHandlerTypeCode>
      <Stage>10</Stage>
      <IsCustomizable>1</IsCustomizable>
      <IsHidden>0</IsHidden>
      <SupportedDeployment>0</SupportedDeployment>
      <IntroducedVersion>1.0.0.0</IntroducedVersion>
      <SdkMessageProcessingStepImages />
    </SdkMessageProcessingStep>
  </SdkMessageProcessingSteps>
  <Languages>
    <Language>1033</Language>
  </Languages>
</ImportExportXml>